entry_pct,exit_pct,dca_days,return_pct,max_dd_pct,num_trades
-0.02,-0.02,126,,,
-0.02,-0.01,126,,,
-0.02,0.0,126,,,
-0.02,0.01,126,,,
-0.02,0.02,126,872928.6186575547,-74.58177831263394,1215.0
-0.02,0.03,126,274315.6134085628,-74.58177831263394,1148.0
-0.02,0.04,126,60727.63050472705,-76.94720831980263,1082.0
-0.02,0.05,126,40085.72152676047,-80.91751870775201,994.0
-0.01,-0.02,126,,,
-0.01,-0.01,126,,,
-0.01,0.0,126,,,
-0.01,0.01,126,678645.2369804195,-71.08577222622715,1342.0
-0.01,0.02,126,283145.7104345597,-75.93859676413443,1251.0
-0.01,0.03,126,125297.04005341405,-77.99016618807838,1192.0
-0.01,0.04,126,34894.47145973922,-82.59370050670557,1133.0
-0.01,0.05,126,27918.03791186774,-84.22749293529638,1035.0
0.0,-0.02,126,,,
0.0,-0.01,126,,,
0.0,0.0,126,301974.7900237,-71.08577222622715,1457.0
0.0,0.01,126,91086.79125251848,-75.98146053399466,1350.0
0.0,0.02,126,50433.8700247364,-82.84575301564303,1258.0
0.0,0.03,126,32827.95095842683,-83.06007931290506,1207.0
0.0,0.04,126,10956.140139729512,-87.90849076197166,1159.0
0.0,0.05,126,12621.132079081504,-87.72384526809687,1053.0
0.01,-0.02,126,,,
0.01,-0.01,126,676955.1696437768,-71.08577222622715,1538.0
0.01,0.0,126,168438.8097392907,-71.08577222622715,1436.0
0.01,0.01,126,67500.17955459763,-75.98146053399466,1349.0
0.01,0.02,126,31369.38470063052,-82.84575301564303,1274.0
0.01,0.03,126,42548.058558898316,-83.4208849527942,1213.0
0.01,0.04,126,16525.837452870797,-87.88309888532827,1179.0
0.01,0.05,126,20528.485031357282,-86.2061675585719,1048.0
0.02,-0.02,126,889324.3129934361,-71.08577222622715,1695.0
0.02,-0.01,126,323157.44881602266,-71.08577222622715,1589.0
0.02,0.0,126,99916.87774393652,-72.9908542346471,1497.0
0.02,0.01,126,39226.954659552495,-78.89133645270897,1430.0
0.02,0.02,126,22530.81925667899,-83.96399517003613,1348.0
0.02,0.03,126,27265.19403650488,-84.50163570479305,1297.0
0.02,0.04,126,10540.975513893738,-88.67797426406636,1263.0
0.02,0.05,126,17651.136010317532,-86.2061675585719,1122.0
0.03,-0.02,126,315487.1669968698,-71.08577222622715,1671.0
0.03,-0.01,126,187318.94510309107,-71.46310636519638,1559.0
0.03,0.0,126,54425.868952289544,-73.75473057359295,1473.0
0.03,0.01,126,29737.141831852266,-79.48833454996937,1406.0
0.03,0.02,126,19495.433279656794,-83.96399517003613,1328.0
0.03,0.03,126,22102.304379639325,-84.50163570479305,1274.0
0.03,0.04,126,11949.547219118476,-88.67797426406636,1246.0
0.03,0.05,126,16486.051645286814,-86.2061675585719,1099.0
0.04,-0.02,126,72867.61659007354,-81.94724058817785,1765.0
0.04,-0.01,126,94623.9263024859,-83.49361441283749,1643.0
0.04,0.0,126,30920.32011568313,-83.56216768490857,1563.0
0.04,0.01,126,19074.810575017484,-85.97450874001787,1493.0
0.04,0.02,126,16336.716703403252,-87.91258170145319,1435.0
0.04,0.03,126,17144.670303445953,-88.44643664121418,1401.0
0.04,0.04,126,10525.491623735563,-90.40515428432445,1374.0
0.04,0.05,126,9520.819212039283,-88.36379231864217,1223.0
0.05,-0.02,126,21511.235273363265,-88.92061406975681,1625.0
0.05,-0.01,126,36033.21714793566,-89.86965859004273,1501.0
0.05,0.0,126,16303.960732689124,-89.86965859004273,1447.0
0.05,0.01,126,11170.848566140856,-91.35569274813852,1377.0
0.05,0.02,126,9000.11170901673,-92.55018197098465,1332.0
0.05,0.03,126,8970.131612231782,-92.37186583214135,1272.0
0.05,0.04,126,5865.573419552954,-93.66940399063913,1252.0
0.05,0.05,126,6951.547845883814,-90.72465815633954,1044.0
0.06,-0.02,126,18434.309728407254,-88.92061406975681,1684.0
0.06,-0.01,126,26223.74074324025,-89.86965859004273,1563.0
0.06,0.0,126,13240.781347460801,-89.86965859004273,1505.0
0.06,0.01,126,9901.447925304488,-91.35569274813852,1441.0
0.06,0.02,126,8349.650265040917,-92.55018197098465,1395.0
0.06,0.03,126,7246.269017872366,-92.37186583214135,1321.0
0.06,0.04,126,4729.462525217555,-93.66940399063913,1301.0
0.06,0.05,126,6022.918193419815,-90.72465815633954,1053.0
-0.02,-0.02,189,,,
-0.02,-0.01,189,,,
-0.02,0.0,189,,,
-0.02,0.01,189,,,
-0.02,0.02,189,1005310.6120977125,-74.58177831263394,1427.0
-0.02,0.03,189,315020.312300509,-74.58177831263394,1358.0
-0.02,0.04,189,69784.52741866407,-74.58177831263394,1291.0
-0.02,0.05,189,45407.447976201955,-78.1893406981152,1198.0
-0.01,-0.02,189,,,
-0.01,-0.01,189,,,
-0.01,0.0,189,,,
-0.01,0.01,189,769895.9236844775,-71.08577222622715,1561.0
-0.01,0.02,189,320176.51560076606,-74.58177831263394,1468.0
-0.01,0.03,189,141430.30238446072,-74.85342513979263,1407.0
-0.01,0.04,189,39434.66777445457,-80.11129534533038,1347.0
-0.01,0.05,189,31254.247181636736,-81.39926061291064,1244.0
0.0,-0.02,189,,,
0.0,-0.01,189,,,
0.0,0.0,189,369488.04592302867,-71.08577222622715,1686.0
0.0,0.01,189,111772.64242899934,-71.94337724264066,1579.0
0.0,0.02,189,61808.19818016878,-80.00726196767093,1486.0
0.0,0.03,189,39898.47468846444,-79.70755776060152,1434.0
0.0,0.04,189,13238.981222799324,-84.15489951295574,1385.0
0.0,0.05,189,15214.763951496703,-84.228583266667,1279.0
0.01,-0.02,189,,,
0.01,-0.01,189,822666.042923579,-71.08577222622715,1773.0
0.01,0.0,189,205265.0048962878,-71.08577222622715,1671.0
0.01,0.01,189,81486.90080311224,-71.94337724264066,1580.0
0.01,0.02,189,37862.56580151403,-80.00726196767093,1504.0
0.01,0.03,189,50924.58699478807,-79.70755776060152,1442.0
0.01,0.04,189,19648.876325055644,-84.13445981900466,1407.0
0.01,0.05,189,24528.92958382834,-82.07199855102219,1276.0
0.02,-0.02,189,1070259.1100155734,-71.08577222622715,1935.0
0.02,-0.01,189,387221.95561464335,-71.08577222622715,1828.0
0.02,0.0,189,119766.06208705023,-71.08577222622715,1734.0
0.02,0.01,189,46439.99375647201,-75.3494804528882,1661.0
0.02,0.02,189,26703.153654000147,-81.31591350318654,1578.0
0.02,0.03,189,32069.022063041826,-81.03582683775387,1526.0
0.02,0.04,189,12329.496667677164,-85.17733300508412,1491.0
0.02,0.05,189,20773.004818201967,-82.07199855102219,1350.0
0.03,-0.02,189,406803.87510902976,-71.08577222622715,1923.0
0.03,-0.01,189,240979.35701288437,-71.08577222622715,1811.0
0.03,0.0,189,70431.30979195335,-71.08577222622715,1725.0
0.03,0.01,189,38618.63775001428,-76.05485014359368,1658.0
0.03,0.02,189,25153.10113804003,-81.31591350318654,1580.0
0.03,0.03,189,28261.521322036442,-81.03582683775387,1526.0
0.03,0.04,189,15234.366850795246,-85.17733300508412,1498.0
0.03,0.05,189,21200.188346123006,-82.07199855102219,1351.0
0.04,-0.02,189,92096.40765494814,-77.51086989724027,2023.0
0.04,-0.01,189,119646.35308725668,-79.50799604053526,1901.0
0.04,0.0,189,39348.3544093605,-79.50799604053526,1819.0
0.04,0.01,189,24449.663883772864,-82.49823331238237,1748.0
0.04,0.02,189,20794.029406802005,-84.94695692231149,1690.0
0.04,0.03,189,21591.447186703208,-84.73784912842598,1656.0
0.04,0.04,189,13300.975990953797,-87.35454871456044,1628.0
0.04,0.05,189,11978.964105509416,-84.89586023565292,1475.0
0.05,-0.02,189,21222.200306945295,-87.08018344648893,1824.0
0.05,-0.01,189,35724.784225354815,-88.22751565932657,1700.0
0.05,0.0,189,16273.917758183066,-88.22751565932657,1644.0
0.05,0.01,189,11277.310091268457,-89.94487630366078,1573.0
0.05,0.02,189,9155.042901825822,-91.35171820913557,1528.0
0.05,0.03,189,9113.882945529018,-91.22207481399613,1468.0
0.05,0.04,189,6026.686797550282,-92.73037601825457,1447.0
0.05,0.05,189,7321.8534786986465,-89.41470379743907,1236.0
0.06,-0.02,189,17890.93833129568,-87.08018344648893,1905.0
0.06,-0.01,189,25556.217286914547,-88.22751565932657,1771.0
0.06,0.0,189,13006.491882212671,-88.22751565932657,1711.0
0.06,0.01,189,9831.212613117626,-89.94487630366078,1642.0
0.06,0.02,189,8359.211282839045,-91.35171820913557,1596.0
0.06,0.03,189,7261.649201767426,-91.22207481399613,1522.0
0.06,0.04,189,4793.181036197102,-92.73037601825457,1501.0
0.06,0.05,189,6314.077637597446,-89.41470379743907,1250.0
-0.02,-0.02,252,,,
-0.02,-0.01,252,,,
-0.02,0.0,252,,,
-0.02,0.01,252,,,
-0.02,0.02,252,1062118.4474631674,-74.58177831263394,1499.0
-0.02,0.03,252,332925.64698006737,-74.58177831263394,1430.0
-0.02,0.04,252,73850.88384623868,-74.58177831263394,1363.0
-0.02,0.05,252,48077.679448615556,-75.61165716415343,1268.0
-0.01,-0.02,252,,,
-0.01,-0.01,252,,,
-0.01,0.0,252,,,
-0.01,0.01,252,793713.2615048185,-71.08577222622715,1637.0
-0.01,0.02,252,329981.2751265541,-74.58177831263394,1543.0
-0.01,0.03,252,145906.32613281452,-74.58177831263394,1482.0
-0.01,0.04,252,40751.99620779062,-77.85992071264724,1422.0
-0.01,0.05,252,32294.250994719914,-79.70168888022108,1317.0
0.0,-0.02,252,,,
0.0,-0.01,252,,,
0.0,0.0,252,384950.8941999192,-71.08577222622715,1793.0
0.0,0.01,252,116613.15259120283,-71.08577222622715,1686.0
0.0,0.02,252,64615.372107725045,-77.95768538697358,1592.0
0.0,0.03,252,41901.17082466263,-77.54345623102265,1540.0
0.0,0.04,252,13891.224640735129,-81.74447364581007,1488.0
0.0,0.05,252,16060.868532802877,-82.31856816859448,1380.0
0.01,-0.02,252,,,
0.01,-0.01,252,882051.7375540124,-71.08577222622715,1959.0
0.01,0.0,252,220201.90087573265,-71.08577222622715,1857.0
0.01,0.01,252,87180.83576560595,-71.08577222622715,1764.0
0.01,0.02,252,40629.82328503286,-77.95768538697358,1688.0
0.01,0.03,252,54901.8232278249,-77.54345623102265,1626.0
0.01,0.04,252,21140.579095716123,-81.35423524010301,1588.0
0.01,0.05,252,26657.400580123984,-78.18560759389761,1457.0
0.02,-0.02,252,1135854.8084635225,-71.08577222622715,2122.0
0.02,-0.01,252,410817.90763386496,-71.08577222622715,2014.0
0.02,0.0,252,127196.72626900993,-71.08577222622715,1920.0
0.02,0.01,252,49195.12402261121,-72.85149792671612,1845.0
0.02,0.02,252,28390.608779497514,-79.4034599941117,1762.0
0.02,0.03,252,34268.90802042074,-79.01640048915814,1710.0
0.02,0.04,252,13155.301661390471,-82.58108332464292,1672.0
0.02,0.05,252,22402.553629263686,-78.18560759389761,1531.0
0.03,-0.02,252,444370.3362838343,-71.08577222622715,2150.0
0.03,-0.01,252,262553.9118130822,-71.08577222622715,2036.0
0.03,0.0,252,76823.99993198579,-71.08577222622715,1949.0
0.03,0.01,252,42114.67976179512,-73.63286279918965,1882.0
0.03,0.02,252,27275.636759916568,-79.4034599941117,1796.0
0.03,0.03,252,30731.321633754556,-79.01640048915814,1739.0
0.03,0.04,252,16557.275355653008,-82.58108332464292,1711.0
0.03,0.05,252,23319.453063028614,-78.15098002290962,1564.0
0.04,-0.02,252,103509.29116994514,-75.30295925065344,2265.0
0.04,-0.01,252,134453.58948173004,-77.47312431110954,2141.0
0.04,0.0,252,44106.02979892531,-77.47312431110954,2058.0
0.04,0.01,252,27492.643782505143,-80.75086957541039,1987.0
0.04,0.02,252,23252.545792263536,-83.42649183443541,1921.0
0.04,0.03,252,23975.031115844427,-83.1150349652686,1884.0
0.04,0.04,252,14810.668157043943,-85.98771701880594,1856.0
0.04,0.05,252,13059.369973785133,-81.60438178567593,1703.0
0.05,-0.02,252,24359.76953271009,-85.82025270286077,2013.0
0.05,-0.01,252,41179.18194616497,-87.06624781873977,1889.0
0.05,0.0,252,18821.57650764582,-87.06624781873977,1833.0
0.05,0.01,252,13108.234082292292,-88.9477395438407,1762.0
0.05,0.02,252,10690.840297284893,-90.48399980270759,1717.0
0.05,0.03,252,10720.125720941298,-90.30924774080553,1657.0
0.05,0.04,252,7106.230199133423,-91.96524486382887,1636.0
0.05,0.05,252,8790.751758435707,-88.24931807946552,1425.0
0.06,-0.02,252,20288.371408690622,-85.82025270286077,2094.0
0.06,-0.01,252,29180.699378397447,-87.06624781873977,1960.0
0.06,0.0,252,14912.082935741393,-87.06624781873977,1900.0
0.06,0.01,252,11326.91869333976,-88.9477395438407,1831.0
0.06,0.02,252,9678.88097492169,-90.48399980270759,1785.0
0.06,0.03,252,8480.97965356404,-90.30924774080553,1711.0
0.06,0.04,252,5613.2758873050625,-91.96524486382887,1690.0
0.06,0.05,252,7562.556107334939,-88.24931807946552,1439.0
-0.02,-0.02,315,,,
-0.02,-0.01,315,,,
-0.02,0.0,315,,,
-0.02,0.01,315,,,
-0.02,0.02,315,1093989.8911794252,-74.58177831263394,1543.0
-0.02,0.03,315,342977.6824276054,-74.58177831263394,1474.0
-0.02,0.04,315,76141.84211754806,-74.58177831263394,1407.0
-0.02,0.05,315,49423.68977316019,-74.58177831263394,1311.0
-0.01,-0.02,315,,,
-0.01,-0.01,315,,,
-0.01,0.0,315,,,
-0.01,0.01,315,810228.9194433778,-71.08577222622715,1683.0
-0.01,0.02,315,336867.8642858752,-74.58177831263394,1589.0
-0.01,0.03,315,149039.1060761246,-74.58177831263394,1528.0
-0.01,0.04,315,41669.623066476706,-74.58177831263394,1468.0
-0.01,0.05,315,33034.245229253975,-78.51376032167303,1363.0
0.0,-0.02,315,,,
0.0,-0.01,315,,,
0.0,0.0,315,402475.1475443499,-71.08577222622715,1848.0
0.0,0.01,315,122025.53974057817,-71.08577222622715,1741.0
0.0,0.02,315,67504.07203528658,-74.58177831263394,1646.0
0.0,0.03,315,43411.51138795608,-74.58177831263394,1591.0
0.0,0.04,315,14364.746829754687,-80.35974546209847,1538.0
0.0,0.05,315,16502.845448324086,-81.13538044196576,1427.0
0.01,-0.02,315,,,
0.01,-0.01,315,923229.0390935001,-71.08577222622715,2018.0
0.01,0.0,315,230603.56022290548,-71.08577222622715,1915.0
0.01,0.01,315,91262.4908346843,-71.08577222622715,1821.0
0.01,0.02,315,42476.36484220377,-74.58177831263394,1744.0
0.01,0.03,315,56924.203643957095,-74.58177831263394,1679.0
0.01,0.04,315,21867.28440565271,-78.2405152774344,1638.0
0.01,0.05,315,27452.72890315288,-76.6826577761093,1504.0
0.02,-0.02,315,1174301.8448487744,-71.08577222622715,2186.0
0.02,-0.01,315,423574.2624246978,-71.08577222622715,2076.0
0.02,0.0,315,131233.29117031302,-71.08577222622715,1981.0
0.02,0.01,315,50731.58255748943,-71.08577222622715,1905.0
0.02,0.02,315,29249.92162535494,-75.82238301589904,1821.0
0.02,0.03,315,35023.697453030996,-75.47824184626765,1766.0
0.02,0.04,315,13412.362502959573,-79.67309686542781,1725.0
0.02,0.05,315,22750.03290295771,-76.6826577761093,1581.0
0.03,-0.02,315,469525.87508649204,-71.08577222622715,2254.0
0.03,-0.01,315,276807.512991987,-71.08577222622715,2137.0
0.03,0.0,315,81111.48654081029,-71.08577222622715,2049.0
0.03,0.01,315,44502.31460933985,-71.08577222622715,1979.0
0.03,0.02,315,28765.770466044018,-75.82238301589904,1892.0
0.03,0.03,315,32148.355883049073,-75.47824184626765,1832.0
0.03,0.04,315,17272.474043951766,-79.67309686542781,1798.0
0.03,0.05,315,24248.906936520012,-75.430041910558,1648.0
0.04,-0.02,315,109595.28123812252,-71.08577222622715,2393.0
0.04,-0.01,315,142147.43955261994,-73.56309214538527,2267.0
0.04,0.0,315,46650.75357733033,-73.56309214538527,2181.0
0.04,0.01,315,29130.255881459612,-77.40311051928231,2109.0
0.04,0.02,315,24585.643451271593,-80.55920608354373,2042.0
0.04,0.03,315,25063.743700138268,-80.2824882597246,1997.0
0.04,0.04,315,15461.48252793152,-83.6594887375712,1966.0
0.04,0.05,315,13477.155822691651,-79.3215648936737,1790.0
0.05,-0.02,315,26855.702213203163,-84.48808495966303,2148.0
0.05,-0.01,315,45385.02411035028,-85.88180293587307,2023.0
0.05,0.0,315,20787.589183715663,-85.88180293587307,1966.0
0.05,0.01,315,14510.582027836104,-87.93213609626227,1894.0
0.05,0.02,315,11827.286758870356,-89.63379124784235,1849.0
0.05,0.03,315,11787.665052884733,-89.53131866755368,1789.0
0.05,0.04,315,7771.937081133046,-91.33858601662635,1766.0
0.05,0.05,315,9620.469577806505,-87.42183282313556,1555.0
0.06,-0.02,315,22202.476217671072,-84.48808495966303,2229.0
0.06,-0.01,315,31976.101387977076,-85.88180293587307,2094.0
0.06,0.0,315,16382.469655408719,-85.88180293587307,2033.0
0.06,0.01,315,12471.50168486132,-87.93213609626227,1963.0
0.06,0.02,315,10652.522765229274,-89.63379124784235,1917.0
0.06,0.03,315,9285.11594579978,-89.53131866755368,1843.0
0.06,0.04,315,6113.288588422109,-91.33858601662635,1820.0
0.06,0.05,315,8263.693317306277,-87.42183282313556,1569.0
-0.02,-0.02,378,,,
-0.02,-0.01,378,,,
-0.02,0.0,378,,,
-0.02,0.01,378,,,
-0.02,0.02,378,1092070.9767647719,-74.58177831263394,1543.0
-0.02,0.03,378,342414.73212119756,-74.58177831263394,1474.0
-0.02,0.04,378,76055.81041055509,-74.58177831263394,1407.0
-0.02,0.05,378,49343.699545579475,-74.58177831263394,1311.0
-0.01,-0.02,378,,,
-0.01,-0.01,378,,,
-0.01,0.0,378,,,
-0.01,0.01,378,801594.9991985201,-71.08577222622715,1683.0
-0.01,0.02,378,333288.92606885976,-74.58177831263394,1589.0
-0.01,0.03,378,147511.7189947786,-74.58177831263394,1528.0
-0.01,0.04,378,41268.961744134256,-74.58177831263394,1468.0
-0.01,0.05,378,32724.337563403988,-78.21975044767403,1363.0
0.0,-0.02,378,,,
0.0,-0.01,378,,,
0.0,0.0,378,397673.1891013444,-71.08577222622715,1848.0
0.0,0.01,378,120635.17546507958,-71.08577222622715,1741.0
0.0,0.02,378,66751.8061736249,-74.58177831263394,1646.0
0.0,0.03,378,42903.53107892544,-74.58177831263394,1591.0
0.0,0.04,378,14197.333142880123,-80.06204959695819,1538.0
0.0,0.05,378,16317.825836714917,-80.86716710517918,1427.0
0.01,-0.02,378,,,
0.01,-0.01,378,912683.5352953563,-71.08577222622715,2018.0
0.01,0.0,378,228059.25782909163,-71.08577222622715,1915.0
0.01,0.01,378,90236.13677440237,-71.08577222622715,1821.0
0.01,0.02,378,42017.309801916905,-74.58177831263394,1744.0
0.01,0.03,378,56282.355287105725,-74.58177831263394,1679.0
0.01,0.04,378,21616.681277794934,-77.57324459125688,1638.0
0.01,0.05,378,27185.84013664806,-76.32188146861873,1504.0
0.02,-0.02,378,1148634.378893357,-71.08577222622715,2186.0
0.02,-0.01,378,414175.91683287965,-71.08577222622715,2076.0
0.02,0.0,378,128398.28175052369,-71.08577222622715,1981.0
0.02,0.01,378,49627.015884112705,-71.08577222622715,1905.0
0.02,0.02,378,28632.726021842307,-74.58177831263394,1821.0
0.02,0.03,378,34274.07221069483,-74.58177831263394,1766.0
0.02,0.04,378,13124.939763709306,-79.05034687004563,1725.0
0.02,0.05,378,22309.922523089524,-76.32188146861873,1581.0
0.03,-0.02,378,463781.0150730844,-71.08577222622715,2254.0
0.03,-0.01,378,273381.4701869943,-71.08577222622715,2137.0
0.03,0.0,378,80196.05003402558,-71.08577222622715,2049.0
0.03,0.01,378,44027.39080671378,-71.08577222622715,1979.0
0.03,0.02,378,28458.905478094148,-74.58177831263394,1892.0
0.03,0.03,378,31793.673596429115,-74.58177831263394,1832.0
0.03,0.04,378,17081.626046843,-78.58485944000431,1798.0
0.03,0.05,378,24043.287355751498,-74.58177831263394,1648.0
0.04,-0.02,378,107614.29766080428,-71.08577222622715,2394.0
0.04,-0.01,378,139644.42796123034,-71.08577222622715,2268.0
0.04,0.0,378,45854.57626326916,-71.08577222622715,2181.0
0.04,0.01,378,28670.517470015882,-75.1595466984864,2109.0
0.04,0.02,378,24195.85558280076,-78.6459764667258,2042.0
0.04,0.03,378,24625.364163086808,-78.39766398514749,1997.0
0.04,0.04,378,15201.173842908565,-82.10963047513093,1966.0
0.04,0.05,378,13241.926663036691,-78.31585278671105,1790.0
0.05,-0.02,378,27122.078195727077,-83.87872755481892,2246.0
0.05,-0.01,378,45898.2182592101,-85.32969278009152,2121.0
0.05,0.0,378,21052.540583322017,-85.32969278009152,2064.0
0.05,0.01,378,14717.563016868595,-87.45780570381211,1991.0
0.05,0.02,378,12010.76263670274,-89.22558002880618,1945.0
0.05,0.03,378,11984.929898502653,-89.12301219112449,1885.0
0.05,0.04,378,7894.419060660066,-90.9997564339287,1857.0
0.05,0.05,378,9827.842556533255,-86.92768361776947,1645.0
0.06,-0.02,378,22273.161444026893,-83.87872755481892,2328.0
0.06,-0.01,378,32156.908013484535,-85.32969278009152,2193.0
0.06,0.0,378,16503.175855509347,-85.32969278009152,2132.0
0.06,0.01,378,12581.061721055987,-87.45780570381211,2061.0
0.06,0.02,378,10760.276800272493,-89.22558002880618,2014.0
0.06,0.03,378,9394.99167105119,-89.12301219112449,1940.0
0.06,0.04,378,6177.98594384463,-90.9997564339287,1912.0
0.06,0.05,378,8414.256525190212,-86.92768361776947,1660.0
-0.02,-0.02,441,,,
-0.02,-0.01,441,,,
-0.02,0.0,441,,,
-0.02,0.01,441,,,
-0.02,0.02,441,1090390.0426578405,-74.58177831263394,1543.0
-0.02,0.03,441,341914.7377879288,-74.58177831263394,1474.0
-0.02,0.04,441,75972.46685531463,-74.58177831263394,1407.0
-0.02,0.05,441,49272.6849563684,-74.58177831263394,1311.0
-0.01,-0.02,441,,,
-0.01,-0.01,441,,,
-0.01,0.0,441,,,
-0.01,0.01,441,795213.8003196149,-71.08577222622715,1683.0
-0.01,0.02,441,330642.75428776734,-74.58177831263394,1589.0
-0.01,0.03,441,146379.96773653562,-74.58177831263394,1528.0
-0.01,0.04,441,40971.00453469166,-74.58177831263394,1468.0
-0.01,0.05,441,32493.42547236469,-78.01351354077437,1363.0
0.0,-0.02,441,,,
0.0,-0.01,441,,,
0.0,0.0,441,394180.24523333204,-71.08577222622715,1848.0
0.0,0.01,441,119622.0039303282,-71.08577222622715,1741.0
0.0,0.02,441,66203.52979943225,-74.58177831263394,1646.0
0.0,0.03,441,42534.82332203786,-74.58177831263394,1591.0
0.0,0.04,441,14075.875243644412,-79.84968273176594,1538.0
0.0,0.05,441,16183.732255175453,-80.67580886292409,1427.0
0.01,-0.02,441,,,
0.01,-0.01,441,904970.828829219,-71.08577222622715,2018.0
0.01,0.0,441,226195.75993722628,-71.08577222622715,1915.0
0.01,0.01,441,89484.62187903635,-71.08577222622715,1821.0
0.01,0.02,441,41680.81985867093,-74.58177831263394,1744.0
0.01,0.03,441,55813.843877603314,-74.58177831263394,1679.0
0.01,0.04,441,21434.025677710004,-77.3147004551751,1638.0
0.01,0.05,441,26990.56382797341,-76.0639341685405,1504.0
0.02,-0.02,441,1130324.5651042925,-71.08577222622715,2186.0
0.02,-0.01,441,407477.7821403641,-71.08577222622715,2076.0
0.02,0.0,441,126375.47718684711,-71.08577222622715,1981.0
0.02,0.01,441,48838.7174650933,-71.08577222622715,1905.0
0.02,0.02,441,28191.89377934843,-74.58177831263394,1821.0
0.02,0.03,441,33739.60449124042,-74.58177831263394,1766.0
0.02,0.04,441,12920.084555673844,-78.80925727234148,1725.0
0.02,0.05,441,21995.628437770018,-76.0639341685405,1581.0
0.03,-0.02,441,459584.56198877667,-71.08577222622715,2254.0
0.03,-0.01,441,270882.34513583296,-71.08577222622715,2137.0
0.03,0.0,441,79525.64168225389,-71.08577222622715,2049.0
0.03,0.01,441,43678.900845096985,-71.08577222622715,1979.0
0.03,0.02,441,28233.795065313156,-74.58177831263394,1892.0
0.03,0.03,441,31534.478760311118,-74.58177831263394,1832.0
0.03,0.04,441,16942.390709074636,-77.847488385246,1798.0
0.03,0.05,441,23892.144241903035,-74.58177831263394,1648.0
0.04,-0.02,441,106177.33300149518,-71.08577222622715,2394.0
0.04,-0.01,441,137827.5177127861,-71.08577222622715,2268.0
0.04,0.0,441,45281.74742760904,-71.08577222622715,2181.0
0.04,0.01,441,28338.825001411435,-73.55923229778405,2109.0
0.04,0.02,441,23914.771525569075,-77.28114263835116,2042.0
0.04,0.03,441,24310.98776353416,-77.05309386432914,1997.0
0.04,0.04,441,15014.382016523597,-81.00371191055638,1966.0
0.04,0.05,441,13073.833810493144,-77.58527320968913,1790.0
0.05,-0.02,441,28046.04160579149,-82.9247129165894,2309.0
0.05,-0.01,441,47533.60620695869,-84.45464960172848,2184.0
0.05,0.0,441,21826.330337689156,-84.45464960172848,2127.0
0.05,0.01,441,15279.623197496554,-86.70787948206494,2054.0
0.05,0.02,441,12489.365405832428,-88.57525307834744,2008.0
0.05,0.03,441,12501.027202836034,-88.44400290491917,1948.0
0.05,0.04,441,8244.29190281723,-90.42848857101372,1920.0
0.05,0.05,441,10327.787129108148,-86.067630727666,1708.0
0.06,-0.02,441,22878.967319245865,-82.9247129165894,2391.0
0.06,-0.01,441,33107.53686502874,-84.45464960172848,2256.0
0.06,0.0,441,17013.019471695465,-84.45464960172848,2195.0
0.06,0.01,441,12987.450527346466,-86.70787948206494,2124.0
0.06,0.02,441,11126.837064145986,-88.57525307834744,2077.0
0.06,0.03,441,9748.958266116724,-88.44400290491917,2003.0
0.06,0.04,441,6419.163642520586,-90.42848857101372,1975.0
0.06,0.05,441,8809.247463564683,-86.067630727666,1723.0
-0.02,-0.02,504,,,
-0.02,-0.01,504,,,
-0.02,0.0,504,,,
-0.02,0.01,504,,,
-0.02,0.02,504,1088964.59247004,-74.58177831263394,1543.0
-0.02,0.03,504,341487.7425608406,-74.58177831263394,1474.0
-0.02,0.04,504,75898.31361705264,-74.58177831263394,1407.0
-0.02,0.05,504,49212.04305528894,-74.58177831263394,1311.0
-0.01,-0.02,504,,,
-0.01,-0.01,504,,,
-0.01,0.0,504,,,
-0.01,0.01,504,790317.3836878231,-71.08577222622715,1683.0
-0.01,0.02,504,328611.7566253572,-74.58177831263394,1589.0
-0.01,0.03,504,145510.0564273226,-74.58177831263394,1528.0
-0.01,0.04,504,40741.42464570236,-74.58177831263394,1468.0
-0.01,0.05,504,32315.274827833764,-77.86089108849734,1363.0
0.0,-0.02,504,,,
0.0,-0.01,504,,,
0.0,0.0,504,391528.28328985535,-71.08577222622715,1848.0
0.0,0.01,504,118851.80809472226,-71.08577222622715,1741.0
0.0,0.02,504,65786.6781072765,-74.58177831263394,1646.0
0.0,0.03,504,42255.278422525225,-74.58177831263394,1591.0
0.0,0.04,504,13983.816271652575,-79.69055686794296,1538.0
0.0,0.05,504,16082.161626188545,-80.53241196198968,1427.0
0.01,-0.02,504,,,
0.01,-0.01,504,899092.9748520895,-71.08577222622715,2018.0
0.01,0.0,504,224774.18547415087,-71.08577222622715,1915.0
0.01,0.01,504,88911.43186494721,-71.08577222622715,1821.0
0.01,0.02,504,41423.97628935621,-74.58177831263394,1744.0
0.01,0.03,504,55457.231404075676,-74.58177831263394,1679.0
0.01,0.04,504,21295.133907648386,-77.12067744373321,1638.0
0.01,0.05,504,26841.664901661086,-75.87033699050994,1504.0
0.02,-0.02,504,1116613.5968412913,-71.08577222622715,2186.0
0.02,-0.01,504,402465.18736250274,-71.08577222622715,2076.0
0.02,0.0,504,124860.46031946345,-71.08577222622715,1981.0
0.02,0.01,504,48248.21087992779,-71.08577222622715,1905.0
0.02,0.02,504,27861.472747300275,-74.58177831263394,1821.0
0.02,0.03,504,33339.485573881255,-74.58177831263394,1766.0
0.02,0.04,504,12766.758870525828,-78.6283391112069,1725.0
0.02,0.05,504,21760.049300193656,-75.87033699050994,1581.0
0.03,-0.02,504,456389.56584095693,-71.08577222622715,2254.0
0.03,-0.01,504,268981.39711062075,-71.08577222622715,2137.0
0.03,0.0,504,79014.30694461739,-71.08577222622715,2049.0
0.03,0.01,504,43412.73820170396,-71.08577222622715,1979.0
0.03,0.02,504,28061.891819914366,-74.58177831263394,1892.0
0.03,0.03,504,31337.051635874057,-74.58177831263394,1832.0
0.03,0.04,504,16836.454474543316,-77.28739349255864,1798.0
0.03,0.05,504,23776.541803697484,-74.58177831263394,1648.0
0.04,-0.02,504,105095.99357539669,-71.08577222622715,2394.0
0.04,-0.01,504,136459.7989117884,-71.08577222622715,2268.0
0.04,0.0,504,44850.184792331485,-71.08577222622715,2181.0
0.04,0.01,504,28088.440268617494,-72.36021604749688,2109.0
0.04,0.02,504,23702.659524346152,-76.2584786818259,2042.0
0.04,0.03,504,24074.663546711276,-76.0456135726433,1997.0
0.04,0.04,504,14873.901114909464,-80.17488696307703,1966.0
0.04,0.05,504,12947.78075653875,-77.03066476958637,1790.0
0.05,-0.02,504,30200.6349658323,-81.28041572056777,2372.0
0.05,-0.01,504,51236.917368881805,-82.95302928575572,2247.0
0.05,0.0,504,23548.640174116743,-82.95302928575572,2190.0
0.05,0.01,504,16503.96208749169,-85.4224152882613,2117.0
0.05,0.02,504,13505.246542862702,-87.46715921235531,2071.0
0.05,0.03,504,13534.339774323667,-87.31843795866516,2011.0
0.05,0.04,504,8928.61522519732,-89.49644504068502,1983.0
0.05,0.05,504,11222.88153963447,-84.70431693362585,1771.0
0.06,-0.02,504,24514.97682746651,-81.28041572056777,2454.0
0.06,-0.01,504,35531.94631703303,-82.95302928575572,2319.0
0.06,0.0,504,18278.99040135793,-82.95302928575572,2258.0
0.06,0.01,504,13969.372048523706,-85.4224152882613,2187.0
0.06,0.02,504,11982.422438886166,-87.46715921235531,2140.0
0.06,0.03,504,10515.144766947054,-87.31843795866516,2066.0
0.06,0.04,504,6926.780028872834,-89.49644504068502,2038.0
0.06,0.05,504,9546.745899618545,-84.70431693362585,1786.0
